company_id,url
1315677,https://www.thomasnet.com/profile/01315677/worldwide-chuck-services-inc.html?cid=1315677&cov=NA&heading=21650809&searchpos=1&what=hydraulic+cylinders
10055126,https://www.thomasnet.com/profile/10055126/ram-industries-inc.html?cid=10055126&cov=NA&heading=21650809&searchpos=2&what=hydraulic+cylinders
1010077,https://www.thomasnet.com/profile/01010077/fluid-tech-hydraulics-inc.html?cid=1010077&cov=NA&heading=21650809&searchpos=3&what=hydraulic+cylinders
30082354,https://www.thomasnet.com/profile/30082354/aries-engineering-co-inc.html?cid=30082354&cov=NA&heading=21650809&searchpos=4&what=hydraulic+cylinders
1150392,https://www.thomasnet.com/branchloc.html?cid=1150392&cov=NA&goto=%2Fprofile%2F01150392%2Fbdi.html&heading=21650809&searchpos=5&what=hydraulic+cylinders
30851480,https://www.thomasnet.com/profile/30851480/innovative-hydraulics-llc.html?cid=30851480&cov=NA&heading=21650809&searchpos=6&what=hydraulic+cylinders
129726,https://www.thomasnet.com/branchloc.html?cid=129726&cov=NA&goto=%2Fprofile%2F00129726%2Fhydac-technology-corporation.html&heading=21650809&searchpos=7&what=hydraulic+cylinders
1166920,https://www.thomasnet.com/profile/01166920/m-m-rogness-equipment-co.html?cid=1166920&cov=NA&heading=21650809&searchpos=8&what=hydraulic+cylinders
1200093,https://www.thomasnet.com/profile/01200093/oilair-products.html?cid=1200093&cov=NA&heading=21650809&searchpos=9&what=hydraulic+cylinders
10070932,https://www.thomasnet.com/profile/10070932/hader-inc.html?cid=10070932&cov=NA&heading=21650809&searchpos=10&what=hydraulic+cylinders
701643,https://www.thomasnet.com/profile/00701643/airoyal-division-of-delta-sales.html?cid=701643&cov=NA&heading=21650809&searchpos=11&what=hydraulic+cylinders
42468,https://www.thomasnet.com/profile/00042468/robeck-fluid-power-co.html?cid=42468&cov=NA&heading=21650809&searchpos=12&what=hydraulic+cylinders
1286332,https://www.thomasnet.com/profile/01286332/kinnear-specialties.html?cid=1286332&cov=NA&heading=21650809&searchpos=13&what=hydraulic+cylinders
326009,https://www.thomasnet.com/profile/00326009/royal-hydraulics.html?cid=326009&cov=NA&heading=21650809&searchpos=14&what=hydraulic+cylinders
564168,https://www.thomasnet.com/profile/00564168/modern-fluid-power-inc.html?cid=564168&cov=NA&heading=21650809&searchpos=15&what=hydraulic+cylinders
961101,https://www.thomasnet.com/branchloc.html?cid=961101&cov=NA&goto=%2Fprofile%2F00961101%2Fcompressed-air-systems-inc.html&heading=21650809&searchpos=16&what=hydraulic+cylinders
120500,https://www.thomasnet.com/branchloc.html?cid=120500&cov=NA&goto=%2Fprofile%2F00120500%2Fdunham-rubber-belting-corp.html&heading=21650809&searchpos=17&what=hydraulic+cylinders
30309904,https://www.thomasnet.com/branchloc.html?cid=30309904&cov=NA&goto=%2Fprofile%2F30309904%2Fotp-industrial-solutions.html&heading=21650809&searchpos=18&what=hydraulic+cylinders
20053642,https://www.thomasnet.com/profile/20053642/emerson-bearing.html?cid=20053642&cov=NA&heading=21650809&searchpos=19&what=hydraulic+cylinders
1310161,https://www.thomasnet.com/profile/01310161/atlas-bronze.html?cid=1310161&cov=NA&heading=21650809&searchpos=20&what=hydraulic+cylinders
128196,https://www.thomasnet.com/profile/00128196/industrial-brake-supply.html?cid=128196&cov=NA&heading=21650809&searchpos=21&what=hydraulic+cylinders
10020565,https://www.thomasnet.com/branchloc.html?cid=10020565&cov=NA&goto=%2Fprofile%2F10020565%2Fjergens-inc.html&heading=21650809&searchpos=22&what=hydraulic+cylinders
10076166,https://www.thomasnet.com/profile/10076166/applied-power-solutions.html?cid=10076166&cov=NA&heading=21650809&searchpos=23&what=hydraulic+cylinders
10099744,https://www.thomasnet.com/branchloc.html?cid=10099744&cov=NA&goto=%2Fprofile%2F10099744%2Fadvanced-fluid-systems-inc.html&heading=21650809&searchpos=24&what=hydraulic+cylinders
30716202,https://www.thomasnet.com/profile/30716202/south-alliance.html?cid=30716202&cov=NA&heading=21650809&searchpos=25&what=hydraulic+cylinders
995951,https://www.thomasnet.com/profile/00995951/petersen-products-co.html?cid=995951&cov=NA&heading=21650809&searchpos=26&what=hydraulic+cylinders
379292,https://www.thomasnet.com/branchloc.html?cid=379292&cov=NA&goto=%2Fprofile%2F00379292%2Fkinequip-inc.html&heading=21650809&searchpos=27&what=hydraulic+cylinders
10026277,https://www.thomasnet.com/profile/10026277/millerbernd-mfg-co.html?cid=10026277&cov=NA&heading=21650809&searchpos=28&what=hydraulic+cylinders
72276,https://www.thomasnet.com/profile/00072276/hyseco-inc.html?cid=72276&cov=NA&heading=21650809&searchpos=29&what=hydraulic+cylinders
449126,https://www.thomasnet.com/profile/00449126/amalga-composites-inc.html?cid=449126&cov=NA&heading=21650809&searchpos=30&what=hydraulic+cylinders
1166338,https://www.thomasnet.com/profile/01166338/m-m-hydraulic-co.html?cid=1166338&cov=NA&heading=21650809&searchpos=31&what=hydraulic+cylinders
918285,https://www.thomasnet.com/branchloc.html?cid=918285&cov=NA&goto=%2Fprofile%2F00918285%2Fharris.html&heading=21650809&searchpos=32&what=hydraulic+cylinders
10078881,https://www.thomasnet.com/profile/10078881/eas-mold-die-change-systems-inc.html?cid=10078881&cov=NA&heading=21650809&searchpos=33&what=hydraulic+cylinders
455566,https://www.thomasnet.com/profile/00455566/carlson-tool-manufacturing-corp.html?cid=455566&cov=NA&heading=21650809&searchpos=34&what=hydraulic+cylinders
435100,https://www.thomasnet.com/profile/00435100/star-hydraulics-llc.html?cid=435100&cov=NA&heading=21650809&searchpos=35&what=hydraulic+cylinders
30815189,https://www.thomasnet.com/profile/30815189/reasontek-corp.html?cid=30815189&cov=NA&heading=21650809&searchpos=36&what=hydraulic+cylinders
1082640,https://www.thomasnet.com/profile/01082640/metro-hydraulic.html?cid=1082640&cov=NA&heading=21650809&searchpos=37&what=hydraulic+cylinders
10063653,https://www.thomasnet.com/profile/10063653/fluid-energy-controls-inc.html?cid=10063653&cov=NA&heading=21650809&searchpos=38&what=hydraulic+cylinders
127752,https://www.thomasnet.com/profile/00127752/kilgore-manufacturing-company-inc.html?cid=127752&cov=NA&heading=21650809&searchpos=39&what=hydraulic+cylinders
1188603,https://www.thomasnet.com/profile/01188603/distributor-to-industry-inc.html?cid=1188603&cov=NA&heading=21650809&searchpos=40&what=hydraulic+cylinders
30853001,https://www.thomasnet.com/profile/30853001/k-s-hydraulics-inc.html?cid=30853001&cov=NA&heading=21650809&searchpos=41&what=hydraulic+cylinders
391201,https://www.thomasnet.com/profile/00391201/beswick-engineering-co-inc.html?cid=391201&cov=NA&heading=21650809&searchpos=42&what=hydraulic+cylinders
1165465,https://www.thomasnet.com/profile/01165465/c-r-manufacturing.html?cid=1165465&cov=NA&heading=21650809&searchpos=43&what=hydraulic+cylinders
27584,https://www.thomasnet.com/profile/00027584/dometrics-inc.html?cid=27584&cov=NA&heading=21650809&searchpos=44&what=hydraulic+cylinders
10067480,https://www.thomasnet.com/profile/10067480/witels-albert-usa-ltd.html?cid=10067480&cov=NA&heading=21650809&searchpos=45&what=hydraulic+cylinders
10084727,https://www.thomasnet.com/branchloc.html?cid=10084727&cov=NA&goto=%2Fprofile%2F10084727%2Fmisumi-usa.html&heading=21650809&searchpos=46&what=hydraulic+cylinders
10056878,https://www.thomasnet.com/profile/10056878/marsh-bellofram-marshalltown-dist-m-m-control.html?cid=10056878&cov=NA&heading=21650809&searchpos=47&what=hydraulic+cylinders
10031196,https://www.thomasnet.com/profile/10031196/tox-pressotechnik-llc.html?cid=10031196&cov=NA&heading=21650809&searchpos=48&what=hydraulic+cylinders
20023170,https://www.thomasnet.com/profile/20023170/metro-hydraulic-jack-co.html?cid=20023170&cov=NA&heading=21650809&searchpos=49&what=hydraulic+cylinders
30724309,https://www.thomasnet.com/profile/30724309/hundley-hydraulic-sales-service.html?cid=30724309&cov=NA&heading=21650809&searchpos=350&what=hydraulic+cylinders
10070616,https://www.thomasnet.com/profile/10070616/pascal-engineering-inc.html?cid=10070616&cov=NA&heading=21650809&searchpos=351&what=hydraulic+cylinders
400924,https://www.thomasnet.com/profile/00400924/pine-hill-equipment-inc.html?cid=400924&cov=NA&heading=21650809&searchpos=352&what=hydraulic+cylinders
1274794,https://www.thomasnet.com/branchloc.html?cid=1274794&cov=NA&goto=%2Fprofile%2F01274794%2Fengineered-sales-inc.html&heading=21650809&searchpos=353&what=hydraulic+cylinders
402127,https://www.thomasnet.com/branchloc.html?cid=402127&cov=NA&goto=%2Fprofile%2F00402127%2Fkaufman-co-inc.html&heading=21650809&searchpos=354&what=hydraulic+cylinders
30213111,https://www.thomasnet.com/profile/30213111/mercury-machining-fabrication.html?cid=30213111&cov=NA&heading=21650809&searchpos=355&what=hydraulic+cylinders
30300006,https://www.thomasnet.com/profile/30300006/flodraulic.html?cid=30300006&cov=NA&heading=21650809&searchpos=356&what=hydraulic+cylinders
452827,https://www.thomasnet.com/branchloc.html?cid=452827&cov=NA&goto=%2Fprofile%2F00452827%2Fcma-flodyne-hydradyne-inc.html&heading=21650809&searchpos=357&what=hydraulic+cylinders
10066154,https://www.thomasnet.com/branchloc.html?cid=10066154&cov=NA&goto=%2Fprofile%2F10066154%2Featon-hydraulics.html&heading=21650809&searchpos=358&what=hydraulic+cylinders
30703197,https://www.thomasnet.com/profile/30703197/ankerholth-ltd-div-of-magnum-integrated-technologies-inc.html?cid=30703197&cov=NA&heading=21650809&searchpos=359&what=hydraulic+cylinders
347234,https://www.thomasnet.com/profile/00347234/westfield-hydraulics-inc.html?cid=347234&cov=NA&heading=21650809&searchpos=360&what=hydraulic+cylinders
1184014,https://www.thomasnet.com/profile/01184014/mack-corp.html?cid=1184014&cov=NA&heading=21650809&searchpos=361&what=hydraulic+cylinders
1210033,https://www.thomasnet.com/profile/01210033/arm-usa-inc.html?cid=1210033&cov=NA&heading=21650809&searchpos=362&what=hydraulic+cylinders
30878173,https://www.thomasnet.com/profile/30878173/water-quest-solutions.html?cid=30878173&cov=NA&heading=21650809&searchpos=363&what=hydraulic+cylinders
63993,https://www.thomasnet.com/branchloc.html?cid=63993&cov=NA&goto=%2Fprofile%2F00063993%2Fhydraquip-inc.html&heading=21650809&searchpos=364&what=hydraulic+cylinders
20097318,https://www.thomasnet.com/profile/20097318/ats-workholding.html?cid=20097318&cov=NA&heading=21650809&searchpos=365&what=hydraulic+cylinders
10092371,https://www.thomasnet.com/profile/10092371/basin-custom-machining-ltd.html?cid=10092371&cov=NA&heading=21650809&searchpos=366&what=hydraulic+cylinders
1170699,https://www.thomasnet.com/branchloc.html?cid=1170699&cov=NA&goto=%2Fprofile%2F01170699%2Fquest-engineering.html&heading=21650809&searchpos=367&what=hydraulic+cylinders
30829100,https://www.thomasnet.com/profile/30829100/jjet-enterprises.html?cid=30829100&cov=NA&heading=21650809&searchpos=368&what=hydraulic+cylinders
195617,https://www.thomasnet.com/profile/00195617/phillips-steel-co.html?cid=195617&cov=NA&heading=21650809&searchpos=369&what=hydraulic+cylinders
1298612,https://www.thomasnet.com/branchloc.html?cid=1298612&cov=NA&goto=%2Fprofile%2F01298612%2Fdestaco.html&heading=21650809&searchpos=370&what=hydraulic+cylinders
10034491,https://www.thomasnet.com/profile/10034491/seabee-corp.html?cid=10034491&cov=NA&heading=21650809&searchpos=371&what=hydraulic+cylinders
1165257,https://www.thomasnet.com/profile/01165257/airoflex-equipment.html?cid=1165257&cov=NA&heading=21650809&searchpos=372&what=hydraulic+cylinders
30331900,https://www.thomasnet.com/profile/30331900/trailco-parts-international.html?cid=30331900&cov=NA&heading=21650809&searchpos=373&what=hydraulic+cylinders
20094399,https://www.thomasnet.com/branchloc.html?cid=20094399&cov=NA&goto=%2Fprofile%2F20094399%2Fdakota-fluid-power-inc.html&heading=21650809&searchpos=374&what=hydraulic+cylinders
64590,https://www.thomasnet.com/profile/00064590/mill-master-machine-works-inc.html?cid=64590&cov=NA&heading=21650809&searchpos=375&what=hydraulic+cylinders
10088079,https://www.thomasnet.com/profile/10088079/diasaw-mfg-ltd.html?cid=10088079&cov=NA&heading=21650809&searchpos=376&what=hydraulic+cylinders
56377,https://www.thomasnet.com/profile/00056377/olaer-usa-inc.html?cid=56377&cov=NA&heading=21650809&searchpos=377&what=hydraulic+cylinders
10098181,https://www.thomasnet.com/profile/10098181/lindberg-fluid-power.html?cid=10098181&cov=NA&heading=21650809&searchpos=378&what=hydraulic+cylinders
20074636,https://www.thomasnet.com/profile/20074636/industrial-controls-inc.html?cid=20074636&cov=NA&heading=21650809&searchpos=379&what=hydraulic+cylinders
1247903,https://www.thomasnet.com/profile/01247903/alumitec-profile-systems.html?cid=1247903&cov=NA&heading=21650809&searchpos=380&what=hydraulic+cylinders
962444,https://www.thomasnet.com/profile/00962444/jet-products-inc.html?cid=962444&cov=NA&heading=21650809&searchpos=381&what=hydraulic+cylinders
1283625,https://www.thomasnet.com/profile/01283625/capital-city-machine-shop-inc.html?cid=1283625&cov=NA&heading=21650809&searchpos=382&what=hydraulic+cylinders
629954,https://www.thomasnet.com/profile/00629954/spencer-technical-sales-inc.html?cid=629954&cov=NA&heading=21650809&searchpos=383&what=hydraulic+cylinders
20093976,https://www.thomasnet.com/profile/20093976/integrated-automation-inc.html?cid=20093976&cov=NA&heading=21650809&searchpos=384&what=hydraulic+cylinders
5224,https://www.thomasnet.com/profile/00005224/indesco.html?cid=5224&cov=NA&heading=21650809&searchpos=385&what=hydraulic+cylinders
10056198,https://www.thomasnet.com/branchloc.html?cid=10056198&cov=NA&goto=%2Fprofile%2F10056198%2Fprecision-industries-inc.html&heading=21650809&searchpos=386&what=hydraulic+cylinders
122587,https://www.thomasnet.com/profile/00122587/industrial-packing-seal-co-inc.html?cid=122587&cov=NA&heading=21650809&searchpos=387&what=hydraulic+cylinders
74146,https://www.thomasnet.com/profile/00074146/hermanns-tool-machine-works-inc.html?cid=74146&cov=NA&heading=21650809&searchpos=388&what=hydraulic+cylinders
10086786,https://www.thomasnet.com/profile/10086786/hort-mfg-1986-ltd.html?cid=10086786&cov=NA&heading=21650809&searchpos=389&what=hydraulic+cylinders
403346,https://www.thomasnet.com/profile/00403346/hydrepair-inc.html?cid=403346&cov=NA&heading=21650809&searchpos=390&what=hydraulic+cylinders
